lastUpdated,title,url
" This page was last edited on 4 September 2023, at 19:16",,https://en.wikipedia.org/wiki/Kevin_Bacon
" This page was last edited on 5 October 2022, at 19:27",,https://en.wikipedia.org/wiki/Main_Page
" This page was last edited on 10 September 2023, at 21:24",,https://en.wikipedia.org/wiki/Kyra_Sedgwick
" This page was last edited on 31 August 2023, at 17:43",,https://en.wikipedia.org/wiki/Kevin_Bacon_filmography
" This page was last edited on 17 June 2023, at 18:08",,https://en.wikipedia.org/wiki/Michael_Bacon_(musician)
" This page was last edited on 4 September 2023, at 13:51",,https://en.wikipedia.org/wiki/Sosie_Bacon
" This page was last edited on 6 September 2023, at 19:34",,https://en.wikipedia.org/wiki/Edmund_Bacon_(architect)
" This page was last edited on 12 September 2023, at 01:29",,https://en.wikipedia.org/wiki/Philadelphia
" This page was last edited on 11 July 2023, at 09:55",,https://en.wikipedia.org/wiki/Character_actor
" This page was last edited on 5 September 2023, at 12:07",,https://en.wikipedia.org/wiki/Screen_Actors_Guild_Award
" This page was last edited on 12 September 2023, at 01:36",,https://en.wikipedia.org/wiki/Primetime_Emmy_Award
" This page was last edited on 19 August 2023, at 22:54",,https://en.wikipedia.org/wiki/Leading_man
" This page was last edited on 29 August 2023, at 21:23",,https://en.wikipedia.org/wiki/Holly_Near
" This page was last edited on 9 September 2023, at 12:55",,https://en.wikipedia.org/wiki/Golden_Globe_Award
" This page was last edited on 11 September 2023, at 16:54", (1984 film),https://en.wikipedia.org/wiki/Footloose_(1984_film)
" This page was last edited on 12 June 2022, at 14:34",,https://en.wikipedia.org/wiki/Kevin_Bacon_(disambiguation)
" This page was last edited on 6 September 2023, at 20:54",,https://en.wikipedia.org/wiki/National_Lampoon%27s_Animal_House
" This page was last edited on 13 September 2023, at 01:25",will.i.am,https://en.wikipedia.org/wiki/Will.i.am
" This page was last edited on 8 July 2023, at 01:11",,https://en.wikipedia.org/wiki/Antireligion
" This page was last edited on 13 September 2023, at 15:25",,https://en.wikipedia.org/wiki/The_Times
" This page was last edited on 13 September 2023, at 07:47",,https://en.wikipedia.org/wiki/Atheism
" This page was last edited on 5 July 2023, at 23:32",,https://en.wikipedia.org/wiki/It%27s_a_New_Day_(Will.i.am_song)
" This page was last edited on 13 September 2023, at 04:58",,https://en.wikipedia.org/wiki/Scream_Awards
lastUpdated,title,url
" This page was last edited on 4 September 2023, at 19:16",,https://en.wikipedia.org/wiki/Kevin_Bacon
" This page was last edited on 17 June 2023, at 18:08",,https://en.wikipedia.org/wiki/Michael_Bacon_(musician)
" This page was last edited on 12 June 2022, at 14:34",,https://en.wikipedia.org/wiki/Kevin_Bacon_(disambiguation)
" This page was last edited on 29 August 2023, at 21:23",,https://en.wikipedia.org/wiki/Holly_Near
" This page was last edited on 5 October 2022, at 19:27",,https://en.wikipedia.org/wiki/Main_Page
" This page was last edited on 4 September 2023, at 13:51",,https://en.wikipedia.org/wiki/Sosie_Bacon
" This page was last edited on 6 September 2023, at 19:34",,https://en.wikipedia.org/wiki/Edmund_Bacon_(architect)
" This page was last edited on 31 August 2023, at 17:43",,https://en.wikipedia.org/wiki/Kevin_Bacon_filmography
" This page was last edited on 10 September 2023, at 21:24",,https://en.wikipedia.org/wiki/Kyra_Sedgwick
" This page was last edited on 12 September 2023, at 01:29",,https://en.wikipedia.org/wiki/Philadelphia
" This page was last edited on 19 August 2023, at 22:54",,https://en.wikipedia.org/wiki/Leading_man
" This page was last edited on 11 September 2023, at 16:54", (1984 film),https://en.wikipedia.org/wiki/Footloose_(1984_film)
" This page was last edited on 5 September 2023, at 12:07",,https://en.wikipedia.org/wiki/Screen_Actors_Guild_Award
" This page was last edited on 9 September 2023, at 12:55",,https://en.wikipedia.org/wiki/Golden_Globe_Award
" This page was last edited on 6 September 2023, at 20:54",,https://en.wikipedia.org/wiki/National_Lampoon%27s_Animal_House
" This page was last edited on 11 July 2023, at 09:55",,https://en.wikipedia.org/wiki/Character_actor
" This page was last edited on 1 September 2023, at 15:47",,https://en.wikipedia.org/wiki/Elizabeth_Perkins
" This page was last edited on 12 September 2023, at 01:36",,https://en.wikipedia.org/wiki/Primetime_Emmy_Award
